CustomerID,Name,Age,Gender,City,SignupDate,PurchaseAmount
1025,Arjun Gupta,,male,Hyderabad,05-16-2023,7058.31
1023,Komal Kumar,22,MALE,Lucknow,2024-08-31,3469.95
1210,Kavita Malhotra,64,MALE,Bangalore,10-03-2023,1338.29
1473,Raj Mehta,46,Male,Jaipur,15-Dec-2023,4284.3
1213,Komal Bose,38,MALE,Bangalore,26-Oct-2023,6299.4
1234,Karan Kapoor,22,male,Chennai,13-Jan-2024,2752.86
1506,Pallavi Saxena,29,male,Chennai,2024-11-07,7397.02
1351,Ritu Kumar,26,F,Jaipur,11/10/2024,7118.43
1069,Rahul Bose,,F,Lucknow,04/04/2023,6720.48
1160,Anjali Malhotra,65,Female,Jaipur,29-Jun-2024,2538.37
1064,Shreya Bose,32,F,Ahmedabad,25-Aug-2024,5044.01
1062,Pooja Rao,39,M,Chennai,2024-05-04,3325.52
1260,Pooja Bhatt,25,male,Chennai,2024-09-09,6881.27
1309,Ashok Iyer,51,,Mumbai,12-19-2023,3191.69
1398,Nikhil Patel,58,female,Lucknow,2023-03-15,1980.1
1315,Ritu Mehta,34,MALE,Pune,10-Feb-2023,5567.99
1408,Anita Reddy,22,M,Delhi,24-Sep-2024,5057.48
1093,Vikram Malhotra,60,F,Bangalore,16-May-2024,2381.97
1154,Kavita Joshi,28,female,Kolkata,13-Jun-2023,3841.16
1004,Karan Verma,52,male,Pune,10-28-2023,5695.66
1367,Nikhil Kapoor,,Male,Lucknow,2024-10-06,1345.55
1133,Nikhil Malhotra,34,Male,Delhi,2024-11-03,5934.46
1099,Priya Rao,45,male,Ahmedabad,03-24-2023,712.32
1429,Sanjay Sharma,36,Male,,16/08/2023,369.27
1014,Meena Patel,48,M,Lucknow,05/08/2023,3312.14
1489,Amit Joshi,55,F,Pune,21/03/2024,3904.0
1180,Manish Singh,63,FEMALE,Jaipur,26-Feb-2023,3440.31
1336,Vikram Verma,30,Female,Bangalore,2023-05-30,2502.1
1163,Ajay Singh,46,female,Pune,25-Feb-2024,5939.53
1364,Sanjay Malhotra,59,male,Pune,17-Aug-2023,6968.21
1119,Neha Bhatt,51,M,Chennai,2023-12-13,5248.98
1005,Priya Joshi,23,MALE,Pune,10-12-2024,2971.11
1222,Kavita Bhatt,43,M,Pune,20/09/2024,3550.51
1441,Vikram Sharma,60,Male,MUMBAI,2024-11-01,5350.91
1250,Rahul Reddy,54,male,Jaipur,26/05/2024,2189.91
1052,Pooja Saxena,42,F,Hyderabad,04/10/2024,6225.35
1016,Deepak Verma,20,female,Hyderabad,12/05/2024,5842.15
1483,Shreya Joshi,48,F,Hyderabad,28-Aug-2024,3595.76
1350,Preeti Desai,61,Female,Chennai,24-Mar-2024,5353.64
1120,Rahul Iyer,61,F,Lucknow,2023-12-08,1303.14
1155,Ashok Nair,23,F,Hyderabad,2023-12-28,99999.99
1503,Sneha Reddy,43,FEMALE,Hyderabad,25/08/2024,5486.2
1161,Vishal Sharma,61,male,Lucknow,2024-10-06,2271.14
1443,Shreya Pillai,30,FEMALE,MUMBAI,07/02/2024,
1046,Sanjay Rao,,female,Pune,05/03/2024,2328.9
1406,Kavita Nair,18,female,Jaipur,13/09/2023,5238.73
1269,Pallavi Joshi,65,Male,Hyderabad,02-02-2024,7934.03
1366,Divya Bose,25,MALE,Kolkata,08-May-2024,4808.17
1010,Pallavi Kapoor,42,F,Ahmedabad,2024-07-20,1093.5
1186,Ashok Sharma,22,male,Ahmedabad,19/02/2023,3337.67
1169,Nikhil Joshi,150,female,Delhi,2023-05-21,7827.7
1132,Neha Saxena,60,male,Kolkata,2024-06-22,3867.05
1306,Sneha Malhotra,44,Male,bangalore,06-Aug-2024,6926.67
1430,Vishal Reddy,50,M,Ahmedabad,05-22-2023,4740.81
1416,Raj Verma,0,M,Delhi,08-27-2023,6350.78
1266,Ashok Pillai,23,Female,Pune,22/06/2024,6456.91
1174,Arjun Nair,30,M,Pune,06-11-2024,5420.2
1358,Meena Singh,56,male,Bangalore,2024-10-03,7158.42
1221,Anita Singh,,female,Bangalore,12/06/2024,2781.72
1253,Sneha Desai,21,M,Jaipur,2024-02-15,6955.05
1020,Rahul Joshi,49,FEMALE,Pune,18-Jun-2023,
1065,Shreya Singh,31,MALE,Delhi,2023-06-27,3386.44
1080,Swati Patel,59,M,Chennai,2024-02-12,6848.26
1337,Raj Pillai,,FEMALE,Jaipur,24-Oct-2024,6317.6
1444,Pallavi Chopra,37,MALE,Jaipur,03-05-2023,7145.14
1158,Shreya Singh,24,F,Kolkata,10/01/2024,4171.16
1194,Sanjay Joshi,36,F,Kolkata,04-Jan-2024,6461.97
1401,Ritu Pillai,150,male,Lucknow,01-Nov-2024,2129.69
1026,Divya Nair,52,Female,,07-21-2024,1007.97
1417,Raj Chopra,46,,Pune,05-18-2023,3985.36
1252,Preeti Verma,63,F,Hyderabad,11-24-2023,4657.98
1339,Komal Bhatt,58,female,Jaipur,21/07/2023,1583.92
1131,Shreya Bhatt,49,Male,Lucknow,05-28-2023,4995.51
1307,Anjali Gupta,58,M,MUMBAI,22/06/2023,6155.84
1334,Nikhil Mehta,57,Female,Bangalore,07-02-2023,6134.05
1352,Anita Chopra,18,M,Mumbai,2024-07-14,6036.71
1349,Arjun Sharma,25,Male,Lucknow,2024-08-22,766.2
1244,Priya Joshi,25,MALE,Lucknow,01-13-2023,1229.47
1049,Karan Kapoor,23,,Jaipur,25/12/2023,6293.62
1320,Manish Reddy,62,FEMALE,Bangalore,2023-06-13,4807.85
1185,Neha Bhatt,35,MALE,Delhi,07-Nov-2024,7502.66
1419,Komal Pillai,51,M,Chennai,2024-04-09,4146.47
1331,Pallavi Saxena,26,,Mumbai,22-Aug-2024,6292.44
1434,Arjun Desai,27,Male,Pune,2024-09-01,2460.31
1039,Shreya Iyer,33,Female,Hyderabad,17/02/2023,4967.94
1329,Arjun Chopra,36,female,Mumbai,2024-02-24,1728.19
1178,Shreya Chopra,53,FEMALE,Hyderabad,2024-11-27,4319.75
1229,Manish Saxena,49,male,Chennai,2024-01-11,3642.66
1400,Amit Patel,60,Female,Delhi,2024-02-11,7506.99
1162,Nikhil Saxena,64,Male,Bangalore,25/01/2024,2089.13
1391,Pallavi Kumar,25,FEMALE,mumbai,04-14-2023,6922.37
1090,Rahul Patel,32,F,Jaipur,2024-02-09,1163.99
1156,Shreya Rao,18,male,Chennai,02-17-2024,-250.0
1106,Anjali Patel,43,male,mumbai,04-09-2024,2630.77
1323,Arjun Desai,62,male,Hyderabad,10-Nov-2024,6646.21
1109,Neha Malhotra,21,Male,Hyderabad,09-19-2023,260.29
1453,Swati Saxena,51,Male,Ahmedabad,13/02/2023,3285.77
1045,Rahul Kapoor,52,FEMALE,Hyderabad,2024-02-03,6171.64
1353,Ashok Chopra,59,M,Hyderabad,16/09/2023,5433.63
1433,Kavita Singh,32,Male,Pune,2024-06-20,4606.32
1094,Deepak Chopra,46,MALE,Delhi,01-12-2024,2351.88
1468,Arjun Sharma,39,female,Lucknow,30/01/2023,6703.84
1418,Manish Pillai,62,FEMALE,Bangalore,04-24-2024,4869.7
1283,Rahul Rao,37,F,Chennai,11-Jul-2024,7106.84
1289,Amit Bose,44,male,Bangalore,2023-04-13,987.73
1481,Arjun Iyer,19,male,Kolkata,06-24-2023,4914.63
1308,Rahul Patel,58,F,Ahmedabad,08/02/2023,7610.54
1204,Amit Mehta,63,F,Chennai,04-Sep-2023,4416.39
1487,Arjun Nair,61,Female,Pune,2023-12-19,4969.63
1469,Preeti Rao,20,M,Ahmedabad,07-03-2024,6550.5
1472,Priya Reddy,49,MALE,Chennai,06/11/2023,6322.56
1129,Nikhil Iyer,26,Male,Ahmedabad,23-May-2023,240.96
1509,Kavita Mehta,24,FEMALE,Delhi,03-14-2023,346.37
1047,Ritu Sharma,60,F,Ahmedabad,2024-09-29,4816.76
1110,Swati Kapoor,42,MALE,Kolkata,13-Feb-2023,
1412,Sanjay Bhatt,20,MALE,Delhi,02-Aug-2023,7697.47
1019,Vikram Kapoor,47,MALE,Delhi,2024-07-17,-250.0
1207,Sanjay Kapoor,55,F,Lucknow,2023-09-10,1402.92
1205,Sanjay Patel,62,male,Kolkata,23/03/2024,2856.62
1247,Suresh Mehta,27,female,Delhi,23/03/2024,-250.0
1157,Ajay Pillai,53,Female,Jaipur,07-17-2024,5061.28
1411,Vikram Verma,43,male,Bengaluru,2023-01-13,5774.52
1496,Shreya Nair,54,Female,Ahmedabad,2024-08-09,2475.68
1447,Vikram Saxena,30,M,Jaipur,16/03/2024,4605.79
1518,Ajay Pillai,31,Male,Kolkata,08/10/2023,1510.8
1175,Anjali Patel,33,Male,Hyderabad,10-01-2023,5838.48
1041,Raj Singh,32,M,Jaipur,24/07/2024,1146.6
1126,Manish Bhatt,42,F,Hyderabad,05-22-2023,99999.99
1291,Shreya Bose,43,Male,Kolkata,20-Feb-2023,7196.84
1101,Komal Pillai,31,F,Hyderabad,09-Apr-2024,941.67
1396,Divya Chopra,34,,Delhi,26/11/2024,5268.95
1330,Sneha Malhotra,30,female,Pune,2024-10-10,3713.94
1022,Priya Saxena,21,female,Lucknow,27/06/2024,-250.0
1271,Anita Rao,29,FEMALE,,2024-05-04,4990.25
1385,Manish Saxena,48,male,Pune,14/08/2023,3416.92
1072,Arjun Singh,43,Male,Jaipur,25/02/2023,5056.54
1365,Ritu Rao,18,M,Hyderabad,10-20-2024,1657.86
1135,Raj Bhatt,,MALE,Hyderabad,11-20-2023,7915.16
1050,Nikhil Verma,33,MALE,Lucknow,10-May-2023,4598.96
1502,Preeti Bhatt,38,Male,Jaipur,03-18-2024,2283.28
1240,Rahul Singh,41,Female,Bangalore,2023-03-12,1480.11
1024,Ajay Saxena,34,MALE,Kolkata,10/02/2024,2539.98
1279,Karan Singh,28,F,Delhi,04-06-2023,4986.43
1362,Raj Rao,34,female,Hyderabad,05-Jan-2024,3746.22
1328,Arjun Pillai,56,FEMALE,Kolkata,2023-04-27,1929.63
1507,Karan Kapoor,60,female,Delhi,05-Mar-2023,7968.48
1173,Suresh Rao,26,FEMALE,Delhi,04-14-2024,309.86
1226,Suresh Malhotra,26,F,Ahmedabad,22/10/2024,4019.21
1426,Swati Singh,54,female,Pune,20/06/2023,4136.6
1274,Meena Bose,32,M,Chennai,02-Jan-2023,6212.48
1036,Pallavi Iyer,60,male,Chennai,13-Nov-2024,5638.23
1196,Meena Saxena,44,Female,Kolkata,06/08/2024,5305.94
1461,Amit Joshi,35,MALE,Bengaluru,02-03-2023,884.08
1495,Meena Sharma,50,FEMALE,Kolkata,10-29-2023,5621.4
1087,Vishal Nair,32,female,Hyderabad,25/11/2024,7246.55
1319,Anjali Iyer,46,Female,Delhi,17/12/2023,3321.95
1145,Sneha Mehta,33,,Jaipur,23/04/2024,872.48
1170,Anjali Kapoor,48,FEMALE,Chennai,2024-10-23,897.79
1147,Manish Bhatt,40,M,Jaipur,06/07/2023,7303.56
1463,Divya Verma,37,female,Pune,2024-03-13,1249.46
1478,Ashok Verma,21,male,Bangalore,06-Oct-2024,2637.04
1344,Nikhil Sharma,40,FEMALE,Lucknow,2023-09-07,2703.31
1275,Ajay Verma,38,MALE,Delhi,05-25-2023,2056.37
1130,Rahul Sharma,27,F,Chennai,2023-05-05,5183.82
1140,Suresh Kumar,27,FEMALE,Delhi,10-22-2024,7605.84
1002,Rahul Mehta,56,Male,Jaipur,04-04-2024,250.69
1200,Suresh Kapoor,29,male,Jaipur,07-16-2023,2285.13
1477,Arjun Reddy,63,Female,Bengaluru,21/02/2023,
1231,Anita Joshi,65,female,Lucknow,19/06/2023,6545.53
1305,Karan Saxena,25,FEMALE,Lucknow,2024-09-27,1717.44
1128,Preeti Sharma,43,female,Delhi,01-29-2023,6745.58
1449,Vishal Reddy,30,male,Mumbai,01/10/2023,2001.12
1379,Divya Gupta,64,F,Pune,06-17-2024,4860.29
1032,Sneha Malhotra,48,MALE,Ahmedabad,22/08/2023,
1230,Rohan Kapoor,59,MALE,MUMBAI,31-Mar-2023,1115.61
1493,Divya Verma,54,FEMALE,Delhi,23/03/2023,4305.98
1458,Shreya Kumar,42,Male,Kolkata,06/11/2024,1327.94
1340,Pallavi Gupta,29,male,Pune,28/09/2023,6798.91
1115,Ritu Bhatt,55,FEMALE,Lucknow,10-01-2024,5092.3
1409,Rohan Iyer,,Male,Mumbai,09-May-2023,2015.92
1436,Vikram Rao,49,F,Hyderabad,20/06/2024,2276.81
1089,Ashok Chopra,35,M,Ahmedabad,10-30-2023,3852.98
1195,Swati Rao,38,MALE,Pune,15/08/2023,
1280,Ritu Sharma,59,M,Pune,04-14-2023,1681.88
1368,Anjali Reddy,51,F,Lucknow,11-08-2024,1889.43
1488,Suresh Malhotra,36,Male,Jaipur,01-01-2023,2401.23
1442,Pallavi Chopra,19,Female,Pune,2024-01-25,3980.36
1053,Komal Bose,54,Male,Pune,03-12-2023,
1048,Pallavi Sharma,45,M,BANGALORE,04-10-2024,7061.19
1354,Ajay Verma,53,FEMALE,Delhi,03-10-2023,5859.6
1404,Pooja Chopra,32,male,Kolkata,06-09-2023,
1432,Deepak Saxena,24,Female,Lucknow,02-27-2023,6573.71
1256,Amit Iyer,,F,Chennai,26/06/2024,7697.24
1338,Anita Nair,21,F,Kolkata,2023-02-25,1784.08
1082,Kavita Singh,63,male,Chennai,02-17-2023,2488.27
1392,Anjali Pillai,35,FEMALE,Kolkata,25-May-2024,5665.56
1030,Divya Verma,31,MALE,Kolkata,21/02/2024,2046.55
1061,Pooja Joshi,37,Male,Bangalore,10-May-2023,295.67
1393,Divya Chopra,35,FEMALE,Bangalore,04-13-2023,4531.65
1312,Vikram Mehta,55,M,MUMBAI,2024-09-30,574.09
1413,Preeti Iyer,64,Male,Jaipur,17-Sep-2023,1750.04
1262,Meena Pillai,47,male,Bangalore,16/08/2023,3324.54
1182,Divya Gupta,21,male,Ahmedabad,23/02/2024,6173.46
1282,Vikram Verma,45,male,Lucknow,2023-04-10,5177.89
1454,Swati Verma,51,Male,Ahmedabad,11-08-2023,3495.21
1341,Amit Iyer,27,Male,Kolkata,10-02-2024,4666.88
1138,Rahul Kapoor,29,Female,Delhi,10-30-2023,5797.77
1183,Swati Kapoor,42,FEMALE,Pune,30/11/2024,2912.61
1281,Deepak Pillai,64,Female,Chennai,20-Feb-2023,6750.87
1159,Suresh Verma,-5,female,Jaipur,12/09/2024,4981.93
1381,Divya Joshi,28,male,Pune,09-Feb-2024,4238.39
1480,Nikhil Bhatt,32,M,Lucknow,08-Jan-2024,7354.66
1073,Ritu Bhatt,31,Female,Chennai,2024-05-11,
1505,Priya Sharma,21,MALE,Delhi,2023-05-03,1213.28
1470,Preeti Verma,37,female,MUMBAI,2023-12-29,2387.59
1359,Komal Desai,55,F,Hyderabad,07-18-2024,7990.08
1302,Pooja Reddy,43,F,Lucknow,08/08/2024,5764.28
1346,Nikhil Mehta,23,male,Jaipur,2024-10-03,5110.21
1074,Nikhil Bose,63,M,Mumbai,27-Apr-2023,5252.14
1096,Rohan Saxena,32,female,,29/05/2023,6428.41
1382,Swati Gupta,53,Female,Jaipur,12-23-2023,2356.76
1311,Vikram Iyer,49,female,Bangalore,2024-02-18,5871.92
1067,Anita Saxena,30,F,Hyderabad,30/09/2023,1494.2
1227,Vikram Kumar,46,Male,mumbai,29-Jul-2024,4035.46
1044,Rahul Nair,39,female,Delhi,25-Aug-2023,5710.07
1079,Preeti Malhotra,60,M,MUMBAI,2024-03-26,3764.04
1203,Neha Mehta,62,FEMALE,Delhi,2023-10-15,6833.34
1285,Sneha Gupta,52,F,Lucknow,04-Mar-2023,3465.33
1146,Pooja Malhotra,64,FEMALE,Pune,17/03/2023,5210.24
1363,Priya Verma,38,male,Jaipur,10-08-2023,4647.25
1421,Raj Pillai,36,female,Kolkata,2024-06-19,-250.0
1402,Pooja Bhatt,26,,Kolkata,30-Nov-2023,6993.01
1141,Priya Bose,46,female,Delhi,06-26-2024,5266.57
1261,Vikram Gupta,40,F,Chennai,2023-06-28,6865.89
1136,Meena Rao,59,MALE,Mumbai,05-08-2023,3320.17
1179,Divya Gupta,25,Male,Jaipur,03/07/2024,6864.99
1345,Preeti Singh,52,,Jaipur,19-Jan-2024,2512.18
1342,Divya Gupta,38,MALE,Jaipur,01/06/2024,4388.88
1125,Anita Bhatt,33,Female,Ahmedabad,07-18-2023,4649.27
1084,Neha Bhatt,47,Female,Ahmedabad,24/11/2024,7572.84
1388,Rohan Joshi,33,female,Delhi,22-Mar-2023,6161.1
1248,Preeti Kapoor,57,Male,bangalore,17-Jun-2023,4279.44
1428,Vishal Iyer,54,MALE,Jaipur,09-18-2023,3690.5
1424,Meena Kapoor,63,Male,Chennai,03-14-2023,1884.02
1149,Nikhil Pillai,58,Female,Delhi,22/06/2023,5070.94
1106,Anjali Patel,43,male,mumbai,04-09-2024,2630.77
1086,Divya Saxena,62,,Pune,2024-08-02,6012.34
1166,Pooja Nair,62,FEMALE,Kolkata,10-08-2023,5477.65
1134,Arjun Patel,0,female,Bangalore,05/05/2024,692.18
1263,Pallavi Gupta,34,,Delhi,23-Oct-2024,917.43
1265,Pallavi Kapoor,31,M,Ahmedabad,05/02/2023,4091.35
1499,Anita Joshi,51,Male,Delhi,01/09/2024,6071.54
1206,Raj Bose,43,,Chennai,06-Apr-2024,4513.69
1464,Deepak Reddy,44,MALE,Lucknow,2024-08-08,5571.5
1006,Pallavi Reddy,61,male,Bangalore,18-Apr-2024,7418.05
1360,Ritu Patel,32,Female,Jaipur,02-11-2024,5368.89
1422,Anjali Verma,49,MALE,Lucknow,02-Feb-2024,5670.25
1452,Preeti Bhatt,49,female,Hyderabad,12-Feb-2023,3274.38
1011,Ashok Pillai,59,female,Pune,01-04-2023,6143.31
1494,Komal Reddy,23,male,Delhi,07-06-2024,7247.97
1216,Karan Patel,42,male,Lucknow,15-Feb-2024,6367.62
1178,Shreya Chopra,53,FEMALE,Hyderabad,2024-11-27,4319.75
1414,Ashok Verma,31,male,Pune,06-21-2023,3287.3
1410,Vikram Sharma,39,F,Ahmedabad,2024-04-19,6779.66
1397,Meena Kumar,36,female,Jaipur,2024-04-02,2434.88
1151,Ashok Pillai,37,FEMALE,Pune,2023-03-16,3441.85
1012,Suresh Singh,37,MALE,Bangalore,2024-06-27,4011.12
1267,Anita Sharma,63,female,Ahmedabad,08-02-2024,1602.56
1316,Ritu Iyer,18,male,Lucknow,2023-06-02,785.38
1078,Manish Iyer,62,MALE,Hyderabad,2024-02-25,3889.21
1255,Ritu Mehta,52,MALE,,07-08-2024,5608.99
1076,Preeti Bose,26,male,Pune,06-03-2024,2406.14
1058,Ritu Rao,19,male,Pune,11-10-2023,4341.19
1301,Karan Nair,51,MALE,Lucknow,24/11/2023,5312.12
1085,Ajay Nair,45,Female,Chennai,29-Jan-2024,3174.64
1519,Divya Pillai,33,Male,Lucknow,2023-06-11,829.64
1040,Raj Gupta,58,MALE,Pune,07/09/2023,243.25
1148,Priya Singh,37,M,Hyderabad,06-15-2024,2154.72
1497,Swati Bose,,FEMALE,Jaipur,10-12-2023,2391.58
1201,Sanjay Gupta,43,FEMALE,Hyderabad,2023-03-24,3158.26
1335,Meena Rao,60,F,Jaipur,2024-03-08,397.12
1420,Swati Kumar,57,female,Hyderabad,06-Mar-2023,5529.15
1439,Swati Gupta,21,MALE,Bangalore,01-15-2023,1067.97
1097,Sneha Sharma,40,MALE,Mumbai,2024-03-07,3914.72
1034,Karan Kumar,34,Male,Pune,18-Nov-2023,4189.1
1189,Ritu Verma,59,F,Kolkata,23/02/2024,1634.26
1423,Karan Verma,56,,Hyderabad,23-Mar-2023,673.46
1150,Ashok Bose,54,Male,MUMBAI,08-Aug-2024,436.23
1290,Pooja Pillai,44,Female,Ahmedabad,2024-04-29,3343.2
1273,Pallavi Malhotra,39,Female,Bangalore,16-Oct-2024,1558.78
1394,Komal Malhotra,65,M,Bombay,10-07-2024,2540.27
1063,Rahul Saxena,21,M,Lucknow,29/03/2023,6162.66
1270,Anjali Kumar,38,female,Mumbai,04/08/2024,1668.22
1257,Vikram Reddy,32,F,Kolkata,2023-03-28,5170.28
1467,Kavita Verma,53,,Hyderabad,2023-09-18,4152.18
1384,Sneha Desai,52,Female,Pune,09-07-2023,3779.02
1177,Ashok Nair,58,Female,Hyderabad,17-May-2023,6032.33
1191,Vikram Malhotra,31,female,Ahmedabad,05/04/2023,99999.99
1033,Rohan Malhotra,22,Female,Jaipur,07-03-2024,1099.67
1466,Ritu Kumar,32,Female,Bombay,01/05/2023,7992.1
1142,Neha Singh,,M,Pune,05-01-2023,5691.49
1217,Divya Pillai,23,male,Kolkata,2024-09-19,5231.24
1514,Ajay Joshi,22,Female,Ahmedabad,2023-01-17,2834.21
1137,Manish Malhotra,29,FEMALE,Kolkata,06-15-2024,5871.23
1062,Pooja Rao,39,M,Chennai,2024-05-04,3325.52
1165,Meena Chopra,64,Female,Hyderabad,10-13-2023,7788.7
1010,Pallavi Kapoor,42,F,Ahmedabad,2024-07-20,1093.5
1108,Shreya Bhatt,31,male,Delhi,25-Nov-2024,2605.67
1298,Karan Kapoor,61,Male,Bangalore,09/01/2023,6479.67
1245,Komal Saxena,52,M,,2023-03-11,510.65
1059,Kavita Pillai,62,FEMALE,Chennai,07-17-2023,4379.74
1277,Amit Verma,64,F,Pune,01-23-2024,991.14
1078,Manish Iyer,62,MALE,Hyderabad,2024-02-25,3889.21
1333,Deepak Joshi,39,Female,Bengaluru,07-14-2024,7496.99
1356,Pallavi Nair,27,female,Pune,17/11/2023,5755.15
1105,Raj Reddy,45,Male,,10-07-2023,2937.98
1288,Vishal Bose,64,male,Jaipur,11-30-2023,7353.86
1035,Sanjay Saxena,20,,Jaipur,17/11/2024,745.8
1287,Anjali Kumar,30,M,Delhi,21/03/2024,5092.36
1090,Rahul Patel,32,F,Jaipur,2024-02-09,1163.99
1348,Rahul Gupta,150,male,Hyderabad,22-Feb-2024,3354.69
1326,Arjun Singh,65,Male,Pune,2024-07-16,6375.91
1395,Meena Saxena,-5,M,Chennai,2024-10-06,2810.32
1317,Swati Singh,59,MALE,Chennai,2023-02-21,7018.3
1438,Amit Nair,40,FEMALE,Ahmedabad,28/08/2023,1416.73
1188,Vishal Iyer,27,MALE,Chennai,28/08/2024,3532.16
1002,Rahul Mehta,56,Male,Jaipur,04-04-2024,250.69
1440,Manish Rao,,MALE,Hyderabad,06-19-2024,5059.73
1508,Karan Reddy,22,FEMALE,Hyderabad,02-Jul-2023,4416.93
1187,Neha Pillai,21,M,Chennai,08-12-2024,6225.8
1500,Kavita Malhotra,46,M,Kolkata,2023-09-28,99999.99
1029,Swati Bhatt,45,Male,Bangalore,19/08/2024,526.27
1448,Anjali Iyer,52,male,Bangalore,28-Feb-2024,6015.76
1318,Komal Nair,61,female,Delhi,2023-02-16,5374.17
1042,Vikram Bhatt,53,female,Ahmedabad,31-May-2024,4473.4
1107,Arjun Saxena,21,M,Lucknow,03-25-2023,3507.32
1295,Rohan Verma,47,Male,Hyderabad,20-Apr-2024,1166.21
1278,Ritu Saxena,61,MALE,Delhi,02-04-2023,
1425,Suresh Singh,32,F,Jaipur,06/08/2024,4553.5
1450,Amit Chopra,48,M,Lucknow,10-27-2024,3222.19
1219,Raj Saxena,27,female,Ahmedabad,2024-03-01,7537.27
1372,Ashok Bose,18,F,Kolkata,26-Jun-2024,6457.94
1475,Sneha Desai,65,,Chennai,08-03-2023,2435.23
1389,Meena Verma,41,female,Lucknow,17/05/2024,7344.85
1171,Ajay Joshi,64,Male,bangalore,07-Feb-2023,1653.23
1198,Nikhil Verma,22,Male,Pune,07/10/2024,1378.03
1498,Komal Reddy,,male,Lucknow,05-Nov-2024,1568.12
1322,Ashok Kapoor,22,Female,Mumbai,13/08/2024,5424.79
1001,Nikhil Singh,,Female,Bangalore,2024-07-12,447.9
1325,Arjun Reddy,-5,F,Hyderabad,30-Mar-2024,4087.96
1386,Divya Desai,62,Female,Delhi,2023-12-17,1592.19
1321,Anita Saxena,29,F,,01/12/2024,4007.36
1190,Meena Rao,32,Female,Bangalore,29-Jul-2024,4546.84
1095,Sneha Bhatt,31,Male,Kolkata,09/05/2023,6168.23
1208,Deepak Patel,38,female,Mumbai,2023-10-04,1661.66
1071,Rahul Rao,39,female,BANGALORE,2024-02-15,2653.23
1238,Nikhil Kumar,0,Female,Hyderabad,2023-04-04,
1157,Ajay Pillai,53,Female,Jaipur,07-17-2024,5061.28
1013,Sneha Chopra,37,MALE,Lucknow,29-Mar-2023,7828.28
1299,Pooja Reddy,42,female,Hyderabad,24-Nov-2024,257.31
1293,Manish Iyer,44,male,Hyderabad,21-Feb-2024,6964.07
1236,Pooja Iyer,26,FEMALE,,11-Jun-2023,7936.34
1361,Komal Bose,50,M,Bangalore,30-May-2023,515.27
1083,Divya Kapoor,51,F,Bangalore,27/01/2024,4748.63
1157,Ajay Pillai,53,Female,Jaipur,07-17-2024,5061.28
1513,Pooja Malhotra,58,female,Ahmedabad,2023-05-24,5813.96
1387,Arjun Chopra,54,Female,Hyderabad,24/07/2023,7007.39
1009,Swati Saxena,55,F,Bangalore,2023-02-18,1447.86
1047,Ritu Sharma,60,F,Ahmedabad,2024-09-29,4816.76
1332,Preeti Kumar,29,M,Lucknow,26-Nov-2023,4950.15
1123,Vikram Gupta,24,Male,Lucknow,21/01/2024,6684.49
1431,Neha Reddy,23,F,Hyderabad,29-Nov-2023,6640.5
1451,Ritu Patel,32,Male,Mumbai,16/08/2023,715.86
1068,Pooja Bose,54,Female,Ahmedabad,02-17-2024,4051.6
1112,Shreya Bhatt,41,male,Delhi,26-Aug-2024,3286.98
1209,Manish Pillai,44,,Kolkata,09-03-2024,296.26
1375,Divya Singh,59,Female,Jaipur,01-10-2024,3300.14
1445,Vishal Sharma,35,MALE,Pune,31-Mar-2023,5488.36
1007,Deepak Pillai,38,Male,Mumbai,09/03/2023,4624.0
1286,Meena Rao,33,FEMALE,Pune,05/02/2023,6106.07
1043,Ashok Kumar,48,FEMALE,Hyderabad,11-Oct-2023,2341.86
1124,Raj Bose,28,FEMALE,Kolkata,01-Sep-2023,6068.65
1254,Raj Nair,53,,Hyderabad,08/11/2023,4815.19
1232,Anita Verma,52,Female,Bengaluru,2023-10-01,6050.73
1479,Vishal Mehta,60,male,Ahmedabad,06-Apr-2023,2621.06
1357,Nikhil Kapoor,41,M,Kolkata,18-Apr-2024,2582.68
1246,Priya Malhotra,58,F,Pune,03/07/2024,2617.27
1202,Meena Rao,-5,M,Pune,2023-12-06,7369.39
1272,Anita Patel,29,female,Bangalore,04-24-2023,3114.01
1218,Nikhil Malhotra,39,F,Delhi,06/06/2024,3250.85
1018,Komal Verma,59,male,Kolkata,22/04/2023,4383.03
1259,Rahul Mehta,55,male,Bengaluru,07-02-2024,1819.56
1376,Rohan Kapoor,53,FEMALE,Jaipur,09-17-2023,6238.72
1241,Divya Mehta,27,F,Ahmedabad,2023-03-30,1160.63
1021,Sanjay Reddy,47,Female,Jaipur,13/05/2024,1898.07
1511,Raj Rao,43,male,Bombay,07-02-2024,2562.06
1128,Preeti Sharma,43,female,Delhi,01-29-2023,6745.58
1003,Anita Kumar,39,Female,Kolkata,2024-01-25,2882.85
1294,Vishal Verma,28,male,Jaipur,2024-06-20,7026.41
1077,Pooja Saxena,60,FEMALE,Ahmedabad,12-20-2023,4438.75
1415,Neha Sharma,55,FEMALE,Bangalore,2024-05-26,2839.69
1114,Nikhil Patel,27,Female,Lucknow,2024-11-02,6228.22
1492,Vishal Bhatt,32,M,Mumbai,08-31-2023,4460.1
1223,Amit Mehta,63,male,Jaipur,30/11/2023,2246.36
1168,Vishal Pillai,53,Female,Lucknow,03/09/2023,-250.0
1427,Pallavi Kumar,56,FEMALE,Kolkata,11-29-2023,5139.28
1127,Komal Chopra,24,male,bangalore,04/04/2023,7100.11
1377,Sanjay Patel,60,male,Ahmedabad,2023-06-15,3324.38
1220,Vikram Chopra,47,MALE,Kolkata,24-Mar-2024,2542.06
1374,Kavita Reddy,63,Male,Delhi,20/01/2024,2664.03
1008,Deepak Iyer,49,F,Ahmedabad,23/05/2023,4404.02
1143,Rohan Bose,49,MALE,Delhi,2024-03-31,7746.98
1237,Kavita Mehta,26,Female,Chennai,01-05-2024,5383.17
1243,Shreya Nair,62,Male,Chennai,13/09/2024,2505.23
1303,Pallavi Pillai,48,female,Bangalore,07-05-2023,1197.96
1462,Sneha Kapoor,28,Female,Lucknow,29/07/2024,6044.81
1251,Sneha Saxena,25,MALE,Mumbai,04-28-2024,1370.66
1268,Arjun Bose,35,Male,Ahmedabad,21/08/2024,981.05
1211,Anjali Kapoor,37,FEMALE,Kolkata,10-Sep-2023,1725.28
1161,Vishal Sharma,61,male,Lucknow,2024-10-06,2271.14
1484,Anita Iyer,33,M,Delhi,10-Aug-2024,4849.39
1184,Anjali Pillai,26,MALE,Mumbai,11-Jul-2024,6622.21
1296,Amit Joshi,56,FEMALE,Ahmedabad,12-25-2023,7177.04
1435,Sanjay Patel,23,FEMALE,Mumbai,13-Feb-2024,1216.93
1314,Amit Nair,24,Female,Bangalore,2024-09-24,6321.13
1327,Shreya Nair,53,MALE,Ahmedabad,2024-01-08,6785.68
1407,Vishal Malhotra,23,F,Jaipur,09-19-2024,5994.83
1405,Suresh Patel,48,Male,Ahmedabad,05-03-2024,
1504,Anjali Iyer,61,Male,Mumbai,26/12/2023,2164.79
1310,Ajay Nair,20,Female,Ahmedabad,09-02-2024,5556.89
1152,Manish Mehta,27,female,Kolkata,20-Dec-2023,3090.21
1471,Amit Iyer,58,M,Pune,04-30-2023,2653.1
1176,Amit Reddy,62,MALE,Delhi,13-Jun-2023,7400.23
1390,Karan Malhotra,54,M,Pune,2024-07-07,3270.99
1088,Nikhil Verma,46,Male,Bengaluru,01/03/2024,6334.8
1490,Rohan Pillai,41,F,Bangalore,28-May-2023,7804.81
1455,Shreya Verma,27,FEMALE,Ahmedabad,2024-05-27,4766.49
1239,Ritu Gupta,32,,Kolkata,08/03/2024,1985.79
1437,Kavita Iyer,54,male,Pune,23/12/2023,4832.24
1482,Vikram Desai,63,male,Delhi,29-Jun-2024,3424.85
1512,Priya Gupta,39,male,Chennai,2023-06-30,5353.73
1144,Arjun Chopra,53,Female,Bangalore,15/10/2024,4168.29
1031,Anjali Kumar,19,M,Kolkata,26/02/2024,6341.52
1517,Rahul Singh,56,MALE,Hyderabad,25-Nov-2024,7811.66
1355,Ritu Iyer,60,MALE,Lucknow,07-18-2023,2761.1
1017,Ashok Saxena,33,FEMALE,Hyderabad,05-Nov-2024,3406.6
1066,Deepak Bose,20,MALE,Chennai,2024-04-09,7406.51
1172,Swati Nair,18,Female,Delhi,12-10-2023,5202.24
1104,Pooja Bose,24,MALE,Ahmedabad,04-21-2023,3066.98
1139,Anjali Bhatt,20,female,Pune,2023-02-28,3368.44
1184,Anjali Pillai,26,MALE,Mumbai,11-Jul-2024,6622.21
1324,Ashok Bose,0,M,Ahmedabad,2023-06-19,2700.94
1100,Karan Bose,53,female,Lucknow,09-Apr-2024,5673.88
1369,Shreya Rao,28,MALE,Lucknow,19/08/2024,4184.28
1235,Amit Gupta,47,female,Jaipur,15/03/2024,2718.35
1070,Ajay Saxena,61,Female,BANGALORE,05-Jul-2023,4035.46
1192,Pallavi Bose,22,MALE,Lucknow,26/07/2024,6981.9
1153,Meena Singh,47,male,Hyderabad,02-21-2023,6940.48
1092,Rahul Bhatt,37,F,Mumbai,2024-05-19,7120.62
1233,Kavita Verma,59,M,Bengaluru,23-Nov-2024,4703.92
1313,Sneha Sharma,-5,F,Delhi,30/04/2024,5548.77
1111,Preeti Gupta,54,F,Pune,2024-02-19,1540.61
1075,Vikram Rao,36,Female,Ahmedabad,07-Sep-2023,3191.97
1224,Komal Rao,58,female,Lucknow,04-27-2023,3771.31
1456,Ashok Pillai,44,female,bangalore,04-03-2023,5258.9
1028,Suresh Rao,21,male,Chennai,08/12/2023,2243.25
1501,Sanjay Rao,65,MALE,Pune,29-May-2023,
1300,Pallavi Chopra,56,Female,Delhi,12-11-2023,6919.63
1143,Rohan Bose,49,MALE,Delhi,2024-03-31,7746.98
1038,Anita Saxena,38,FEMALE,Hyderabad,2023-06-23,5378.06
1113,Pooja Iyer,28,male,Delhi,07-18-2023,7674.14
1457,Deepak Kumar,25,male,Ahmedabad,29-Mar-2023,7806.49
1193,Arjun Nair,18,MALE,Delhi,05/05/2024,5689.39
1103,Divya Patel,55,female,Pune,12-Nov-2024,5824.27
1515,Swati Verma,31,FEMALE,Jaipur,16/08/2024,487.65
1212,Sneha Patel,43,female,Pune,04-Dec-2023,6560.71
1378,Arjun Pillai,61,Male,Mumbai,27-Apr-2024,2252.12
1122,Vishal Desai,60,F,mumbai,16-Dec-2023,7999.82
1051,Rohan Bhatt,41,M,Delhi,06-17-2023,400.29
1117,Priya Chopra,22,male,Jaipur,2024-08-17,6516.56
1485,Arjun Pillai,46,M,Pune,22-Apr-2023,5230.92
1057,Ashok Bose,35,Male,Hyderabad,21-Feb-2024,2074.53
1399,Arjun Nair,56,F,Ahmedabad,07-Jan-2024,1634.31
1118,Nikhil Mehta,48,M,Ahmedabad,2023-12-18,1545.96
1491,Vikram Gupta,44,FEMALE,Lucknow,30/09/2024,3508.17
1460,Ritu Rao,18,FEMALE,Lucknow,09-Apr-2024,4889.49
1347,Rohan Kapoor,31,F,Delhi,2023-06-07,2787.38
1383,Shreya Mehta,43,Male,Pune,2024-07-26,2851.73
1102,Kavita Iyer,41,M,Ahmedabad,2023-03-29,6007.79
1516,Vikram Rao,48,Male,Bangalore,10-Apr-2023,6715.75
1167,Sanjay Malhotra,27,Female,Delhi,03-28-2024,1869.1
1297,Swati Gupta,42,Male,Lucknow,08/08/2023,5486.02
1304,Karan Pillai,29,female,Hyderabad,11-Nov-2023,2784.27
1228,Deepak Bhatt,23,Male,Hyderabad,09/10/2023,1512.03
1370,Anjali Iyer,56,male,Pune,17/01/2023,7292.85
1108,Shreya Bhatt,31,male,Delhi,25-Nov-2024,2605.67
1459,Raj Verma,37,FEMALE,bangalore,01-04-2023,
1037,Meena Patel,60,F,Bangalore,2024-07-15,1839.42
1060,Raj Kumar,65,FEMALE,Lucknow,06-21-2024,6694.5
1264,Komal Iyer,47,Male,Lucknow,09-Feb-2024,
1249,Anita Reddy,26,Female,Delhi,01-31-2023,2321.45
1015,Pallavi Chopra,51,FEMALE,Hyderabad,22/01/2023,256.09
1403,Preeti Reddy,26,M,Ahmedabad,13-Oct-2024,5188.32
1081,Komal Pillai,38,FEMALE,Mumbai,12-01-2024,6024.78
1091,Divya Reddy,58,female,Hyderabad,09-26-2024,1926.66
1276,Arjun Kumar,23,female,Chennai,03-11-2023,1042.67
1474,Raj Iyer,24,M,,2023-02-15,7135.65
1027,Ashok Patel,24,M,Lucknow,18/12/2023,6852.72
1380,Raj Kumar,46,Male,Jaipur,04/02/2023,5457.39
1054,Kavita Rao,41,FEMALE,Pune,06-18-2024,7373.02
1023,Komal Kumar,22,MALE,Lucknow,2024-08-31,3469.95
1465,Preeti Nair,38,Female,Lucknow,13-May-2023,5128.49
1343,Rahul Chopra,31,female,Chennai,25-Sep-2024,6624.77
1258,Sanjay Gupta,21,F,Bengaluru,02-07-2024,2321.26
1446,Komal Joshi,54,M,Chennai,04-Dec-2023,1812.71
1215,Swati Bhatt,31,FEMALE,Delhi,23-Feb-2024,2562.09
1292,Amit Iyer,37,Female,Ahmedabad,11/04/2023,7798.91
1373,Anita Malhotra,65,male,Chennai,2023-08-27,7038.78
1056,Manish Saxena,42,,Kolkata,08-06-2023,2854.64
1045,Rahul Kapoor,52,FEMALE,Hyderabad,2024-02-03,6171.64
1164,Priya Patel,53,female,Ahmedabad,18/11/2023,4358.39
1181,Ajay Verma,61,Female,Pune,04/01/2023,553.26
1510,Ritu Patel,18,Male,Chennai,04-Dec-2023,4219.99
1486,Priya Gupta,26,Male,Bengaluru,14-Aug-2024,5515.83
1153,Meena Singh,47,male,Hyderabad,02-21-2023,6940.48
1116,Vikram Bhatt,46,Female,Lucknow,2024-06-03,3724.93
1199,Rohan Desai,21,FEMALE,,06-26-2024,2436.17
1055,Raj Rao,64,Female,Hyderabad,03-30-2023,2102.13
1284,Divya Kumar,34,FEMALE,Hyderabad,2024-07-31,5632.47
1214,Arjun Malhotra,43,female,Lucknow,12/07/2024,4490.77
1476,Meena Iyer,60,male,Bangalore,2024-07-27,2932.48
1225,Anjali Nair,55,male,Kolkata,2023-11-09,5608.81
1520,Amit Kumar,63,Female,Ahmedabad,31/07/2023,4280.08
1371,Pallavi Kapoor,56,male,Lucknow,2024-06-28,5343.26
1098,Raj Chopra,24,FEMALE,Lucknow,11-05-2024,7719.4
1121,Divya Nair,62,F,Delhi,01-21-2024,5426.91
1197,Pallavi Iyer,49,FEMALE,Kolkata,13-Jul-2024,7137.04
1242,Swati Malhotra,45,female,Hyderabad,28/03/2023,4880.06
