CustomerID,Recency,Frequency,Monetary,Cluster
10001,7,27,3220.59,0
10002,7,28,2517.17,0
10003,4,15,1308.01,0
10004,2,21,2066.29,0
10005,1,20,2450.37,0
10006,17,18,2143.45,0
10007,15,23,2309.19,0
10008,27,13,1601.25,0
10009,7,26,3005.75,0
10010,18,16,1478.01,0
10011,15,16,1763.94,0
10012,3,22,1895.5,0
10013,4,10,954.09,0
10014,17,26,2980.66,0
10015,4,23,2297.12,0
10016,14,17,1507.53,0
10017,15,21,2305.73,0
10018,1,15,1379.68,0
10019,8,19,2059.12,0
10020,3,10,1049.7,0
10021,9,16,1613.74,0
10022,1,24,2373.0499999999997,0
10023,5,12,1512.1,0
10024,3,10,838.1,0
10025,3,10,940.43,0
10026,14,16,1401.09,0
10027,10,22,2450.3199999999997,0
10028,17,27,2717.72,0
10029,5,16,1863.43,0
10030,4,21,1765.32,0
10031,2,19,1949.1399999999999,0
10032,6,20,1507.6399999999999,0
10033,11,15,1488.3799999999999,0
10034,13,16,1724.25,0
10035,9,14,1932.94,0
10036,15,17,1854.93,0
10037,12,15,1633.78,0
10038,17,25,2395.47,0
10039,5,10,898.65,0
10040,12,14,1588.38,0
10041,11,26,2398.27,0
10042,2,14,1066.05,0
10043,16,9,781.22,0
10044,16,12,1305.54,0
10045,19,12,1401.5,0
10046,7,27,2278.91,0
10047,7,26,2338.21,0
10048,18,19,1763.63,0
10049,16,28,2683.74,0
10050,16,21,2289.5499999999997,0
10051,9,18,1866.6,0
10052,3,28,2847.1,0
10053,11,25,2766.72,0
10054,3,24,2299.83,0
10055,18,22,2787.27,0
10056,16,17,1393.41,0
10057,14,23,2855.0,0
10058,7,12,982.54,0
10059,12,27,3309.5499999999997,0
10060,6,15,1275.59,0
10061,2,9,636.8399999999999,0
10062,5,22,2249.15,0
10063,17,23,2415.77,0
10064,14,14,1318.8899999999999,0
10065,17,22,1923.88,0
10066,1,27,3338.22,0
10067,1,12,1264.02,0
10068,3,16,1551.34,0
10069,15,11,1202.07,0
10070,17,16,1044.18,0
10071,16,14,2166.14,0
10072,3,26,2940.44,0
10073,7,12,899.13,0
10074,14,24,2626.35,0
10075,15,10,1393.23,0
10076,19,26,1803.6399999999999,0
10077,11,14,1301.43,0
10078,12,21,2616.29,0
10079,13,26,2478.24,0
10080,8,29,2299.08,0
10081,10,28,3013.0699999999997,0
10082,5,16,1573.35,0
10083,1,23,2923.48,0
10084,16,16,1443.5,0
10085,7,13,1526.1399999999999,0
10086,12,25,2713.27,0
10087,14,13,910.42,0
10088,5,19,1955.02,0
10089,7,13,1454.7,0
10090,10,13,1370.78,0
10091,14,7,582.63,2
10092,9,8,1040.37,0
10093,6,6,526.78,2
10094,24,12,1612.01,0
10095,37,6,950.5699999999999,0
10096,16,8,803.78,0
10097,33,8,676.3299999999999,0
10098,39,12,957.0799999999999,0
10099,30,7,497.96999999999997,2
10100,11,9,672.06,0
10101,15,10,908.2099999999999,0
10102,40,7,647.24,2
10103,39,6,409.65000000000003,2
10104,43,12,1442.74,0
10105,41,8,861.02,0
10106,29,7,775.27,0
10107,24,12,1183.8899999999999,0
10108,23,6,582.99,2
10109,23,9,1016.66,0
10110,35,13,1269.03,0
10111,20,10,1153.99,0
10112,25,9,889.21,0
10113,43,9,460.9,0
10114,18,11,792.16,0
10115,33,8,692.5799999999999,0
10116,13,7,705.0899999999999,0
10117,42,10,1241.76,0
10118,13,7,443.54999999999995,2
10119,33,9,940.2099999999999,0
10120,5,11,1334.51,0
10121,29,10,1150.85,0
10122,35,8,1201.28,0
10123,31,7,929.52,0
10124,7,9,929.02,0
10125,24,9,675.12,0
10126,43,6,619.25,2
10127,59,10,1048.32,0
10128,36,10,1048.2,0
10129,25,7,505.66999999999996,2
10130,23,9,1362.8899999999999,0
10131,18,12,1454.1,0
10132,7,12,1697.55,0
10133,14,13,1119.08,0
10134,28,9,1035.01,0
10135,40,7,723.79,0
10136,32,9,980.46,0
10137,31,11,1132.7,0
10138,24,9,868.74,0
10139,39,9,1177.67,0
10140,9,12,997.98,0
10141,34,7,640.1999999999999,2
10142,37,11,1387.02,0
10143,15,8,604.78,0
10144,31,6,409.23,2
10145,39,12,1263.95,0
10146,10,9,1001.54,0
10147,42,8,1140.05,0
10148,41,7,738.37,0
10149,18,5,349.71,2
10150,17,9,1407.97,0
10151,36,6,686.0,2
10152,30,7,931.52,0
10153,16,5,491.79,2
10154,34,7,492.59000000000003,2
10155,27,12,1629.36,0
10156,15,8,728.36,0
10157,38,10,935.3199999999999,0
10158,19,7,615.38,2
10159,42,6,422.43,2
10160,21,8,847.41,0
10161,21,7,489.67,2
10162,9,7,701.8199999999999,0
10163,15,7,892.14,0
10164,20,12,792.9,0
10165,8,13,1135.3799999999999,0
10166,36,7,430.74,2
10167,23,10,1002.9,0
10168,26,9,748.5799999999999,0
10169,16,7,638.68,0
10170,30,10,1021.9,0
10171,26,11,979.9,0
10172,21,6,767.86,2
10173,39,10,961.14,0
10174,26,10,836.76,0
10175,28,6,701.37,2
10176,11,8,718.1899999999999,0
10177,22,7,777.0699999999999,0
10178,29,10,942.51,0
10179,21,12,1759.95,0
10180,29,6,1011.8199999999999,0
10181,14,8,537.26,0
10182,40,11,1159.96,0
10183,44,6,735.06,2
10184,41,11,1416.3899999999999,0
10185,10,10,1096.02,0
10186,25,10,1292.71,0
10187,34,8,776.4399999999999,0
10188,28,12,1392.59,0
10189,35,13,957.87,0
10190,10,7,947.1999999999999,0
10191,19,10,1482.84,0
10192,42,7,824.63,0
10193,15,13,1492.53,0
10194,9,11,855.26,0
10195,24,6,647.03,2
10196,5,7,776.22,0
10197,15,11,1007.06,0
10198,37,10,904.15,0
10199,27,7,852.43,0
10200,6,9,802.03,0
10201,21,6,335.01,2
10202,39,11,689.04,0
10203,18,9,799.13,0
10204,16,8,892.3199999999999,0
10205,26,8,961.18,0
10206,41,11,865.04,0
10207,41,9,1132.16,0
10208,8,6,895.03,0
10209,44,12,2036.18,0
10210,80,5,901.81,2
10211,29,6,807.76,2
10212,18,10,992.0,0
10213,10,11,999.49,0
10214,19,12,1096.1699999999998,0
10215,43,7,327.72999999999996,2
10216,37,10,968.39,0
10217,8,11,670.65,0
10218,14,6,563.3199999999999,2
10219,40,10,1492.99,0
10220,33,12,1265.02,0
10221,16,9,1091.36,0
10222,40,9,724.74,0
10223,24,8,1114.78,0
10224,10,13,1796.96,0
10225,16,5,598.52,2
10226,29,6,494.90999999999997,2
10227,16,9,1157.47,0
10228,41,13,1362.1,0
10229,35,6,797.22,2
10230,18,12,1218.86,0
10231,5,11,1358.02,0
10232,40,10,1403.5,0
10233,44,12,1413.8799999999999,0
10234,13,7,1086.51,0
10235,39,12,1526.55,0
10236,42,7,409.62,2
10237,31,6,790.6,2
10238,28,6,467.11,2
10239,28,6,425.89,2
10240,26,7,478.3,2
10241,11,6,890.49,0
10242,26,8,798.68,0
10243,11,6,945.35,0
10244,23,11,906.37,0
10245,33,10,1169.99,0
10246,5,10,705.8,0
10247,32,5,415.37,2
10248,8,6,841.53,0
10249,7,12,1051.55,0
10250,38,9,1009.38,0
10251,36,7,631.91,2
10252,7,13,1112.94,0
10253,12,10,941.0699999999999,0
10254,37,8,789.6999999999999,0
10255,36,12,1329.31,0
10256,20,9,717.43,0
10257,18,9,1534.25,0
10258,14,10,857.54,0
10259,23,9,750.06,0
10260,5,11,1154.73,0
10261,6,7,799.24,0
10262,9,9,934.33,0
10263,38,10,1600.4,0
10264,26,9,827.53,0
10265,27,13,1008.23,0
10266,21,11,924.43,0
10267,29,11,838.6899999999999,0
10268,8,7,754.37,0
10269,27,10,920.14,0
10270,25,6,671.21,2
10271,36,2,161.81,1
10272,46,2,116.82,1
10273,31,2,120.19,1
10274,64,2,303.6,2
10275,65,4,412.48999999999995,2
10276,84,4,400.39,2
10277,48,2,230.60999999999999,2
10278,55,2,147.22,1
10279,73,3,159.53,2
10280,41,2,181.58999999999997,1
10281,39,4,291.33,2
10282,81,4,306.72,2
10283,45,3,500.71999999999997,2
10284,36,2,328.39,2
10285,61,2,227.48,2
10286,63,4,429.34,2
10287,38,2,302.97,2
10288,80,2,272.7,2
10289,66,5,689.91,2
10290,27,4,470.46000000000004,2
10291,89,5,761.31,2
10292,34,4,331.49,2
10293,66,5,353.34,2
10294,42,3,435.74,2
10295,33,3,390.24,2
10296,67,4,674.96,2
10297,58,4,522.99,2
10298,36,3,166.12,2
10299,79,1,21.98,1
10300,59,3,130.58999999999997,1
10301,34,5,628.91,2
10302,44,2,130.01999999999998,1
10303,61,5,683.93,2
10304,61,3,158.69,2
10305,32,3,358.21999999999997,2
10306,58,3,490.56,2
10307,81,2,347.57,2
10308,29,3,480.29999999999995,2
10309,24,2,191.34,1
10310,33,5,405.09000000000003,2
10311,81,2,161.16,1
10312,34,2,339.38,2
10313,78,3,637.95,2
10314,89,4,455.66999999999996,2
10315,30,3,327.03,2
10316,71,5,482.55,2
10317,82,3,208.36,2
10318,143,2,203.62,2
10319,25,2,320.65,2
10320,68,2,309.57,2
10321,80,4,301.98,2
10322,81,2,178.15,1
10323,32,5,369.58,2
10324,87,3,270.57,2
10325,75,4,196.10999999999999,2
10326,86,2,174.12,1
10327,59,2,280.7,2
10328,57,5,404.04,2
10329,37,3,391.38,2
10330,47,2,210.76,2
10331,64,5,374.59000000000003,2
10332,86,5,845.79,2
10333,52,3,231.8,2
10334,78,4,532.01,2
10335,64,2,309.83,2
10336,46,3,372.11,2
10337,64,3,210.04000000000002,2
10338,61,3,219.01999999999998,2
10339,58,4,224.79999999999998,2
10340,31,4,582.51,2
10341,46,2,63.52,1
10342,79,5,407.45,2
10343,89,4,282.7,2
10344,142,4,349.73,2
10345,41,5,338.39,2
10346,87,4,211.15,2
10347,36,3,258.59,2
10348,69,3,230.86,2
10349,55,4,257.57,2
10350,26,2,100.72999999999999,1
10351,51,4,446.33000000000004,2
10352,65,3,449.76,2
10353,32,2,240.51999999999998,2
10354,48,3,246.20999999999998,2
10355,41,4,496.62,2
10356,75,5,549.41,2
10357,78,5,455.95,2
10358,22,4,366.3,2
10359,34,3,381.51,2
10360,44,5,505.10999999999996,2
10361,46,5,525.36,2
10362,72,5,383.41999999999996,2
10363,22,2,286.52,2
10364,79,3,347.76,2
10365,44,3,298.45,2
10366,28,3,271.73,2
10367,21,5,428.15999999999997,2
10368,40,3,243.04000000000002,2
10369,57,5,576.67,2
10370,60,5,640.59,2
10371,60,2,249.26,2
10372,73,3,250.23,2
10373,117,4,293.27,2
10374,52,2,277.87,2
10375,45,3,179.73,2
10376,65,3,349.67999999999995,2
10377,63,2,79.02000000000001,1
10378,25,2,56.76,1
10379,51,2,170.95,1
10380,69,5,473.9,2
10381,26,4,599.9399999999999,2
10382,77,3,550.0899999999999,2
10383,60,4,437.12,2
10384,31,4,350.92,2
10385,38,4,338.48,2
10386,72,4,357.78000000000003,2
10387,89,3,327.28,2
10388,75,2,147.11,1
10389,54,2,252.26999999999998,2
10390,26,5,347.82,2
10391,77,2,435.88,2
10392,39,5,230.77999999999997,2
10393,55,3,345.43,2
10394,85,4,484.08,2
10395,61,4,571.25,2
10396,31,4,450.84999999999997,2
10397,34,2,198.7,1
10398,61,5,542.1899999999999,2
10399,56,2,64.76,1
10400,79,2,402.39,2
10401,21,4,242.79,2
10402,47,3,329.25,2
10403,84,5,610.36,2
10404,42,4,242.74,2
10405,33,5,551.12,2
10406,20,2,19.14,1
10407,20,2,140.07,1
10408,56,4,545.71,2
10409,63,5,355.90999999999997,2
10410,80,5,698.91,2
10411,56,5,572.1,2
10412,54,3,310.03,2
10413,52,2,283.56,2
10414,39,2,132.96,1
10415,69,2,221.37,2
10416,62,3,179.88,2
10417,42,5,531.55,2
10418,69,3,224.31,2
10419,20,4,520.04,2
10420,24,4,368.43,2
10421,74,4,237.15,2
10422,36,3,510.58,2
10423,65,5,540.52,2
10424,33,2,442.15999999999997,2
10425,81,5,497.51,2
10426,82,2,128.6,1
10427,32,2,23.119999999999997,1
10428,87,3,154.91,2
10429,38,3,501.09,2
10430,42,4,520.53,2
10431,73,4,458.86,2
10432,34,2,414.62,2
10433,52,2,241.65,2
10434,30,4,451.64,2
10435,85,3,262.13,2
10436,67,3,145.0,2
10437,45,2,112.80999999999999,1
10438,56,4,398.39,2
10439,67,4,282.16,2
10440,62,2,82.24,1
10441,66,2,116.31,1
10442,70,4,616.88,2
10443,38,3,384.26,2
10444,71,3,295.44,2
10445,54,5,538.91,2
10446,37,3,619.26,2
10447,26,4,418.04,2
10448,50,4,264.58,2
10449,80,3,297.17,2
10450,26,3,352.97,2
10451,66,4,362.52,2
10452,40,3,360.04,2
10453,34,3,347.01,2
10454,61,5,420.91999999999996,2
10455,56,5,311.45,2
10456,79,4,725.9300000000001,2
10457,55,3,426.7,2
10458,66,2,267.16999999999996,2
10459,40,2,302.54999999999995,2
10460,54,5,606.92,2
10461,76,3,114.92,1
10462,26,2,386.99,2
10463,58,2,272.93,2
10464,79,3,266.59999999999997,2
10465,61,5,480.29999999999995,2
10466,55,4,262.46,2
10467,89,2,129.19,1
10468,79,3,279.6,2
10469,51,2,251.13,2
10470,86,3,381.29999999999995,2
10471,89,3,350.11,2
10472,54,3,296.94,2
10473,41,5,432.54999999999995,2
10474,50,4,362.54999999999995,2
10475,162,2,371.45,2
10476,36,4,423.51,2
10477,35,3,341.21999999999997,2
10478,24,5,394.08,2
10479,49,2,71.03999999999999,1
10480,51,2,218.53,2
10481,33,5,646.8399999999999,2
10482,85,2,208.07999999999998,2
10483,84,4,326.0,2
10484,45,5,677.37,2
10485,41,4,340.53999999999996,2
10486,31,4,587.03,2
10487,64,4,552.8,2
10488,25,4,204.09,2
10489,34,2,57.099999999999994,1
10490,54,3,263.89,2
10491,29,2,249.39,2
10492,52,5,582.64,2
10493,73,3,471.36,2
10494,60,3,375.41,2
10495,27,2,236.77,2
10496,87,2,172.85,1
10497,32,4,358.75,2
10498,79,3,329.72,2
10499,21,5,637.8299999999999,2
10500,24,4,386.25,2
10501,30,3,317.81,2
10502,114,3,220.39,2
10503,26,5,724.75,2
10504,23,4,584.2299999999999,2
10505,71,2,230.67000000000002,2
10506,69,4,729.46,2
10507,26,4,394.09,2
10508,24,3,315.22,2
10509,40,3,391.1,2
10510,77,5,492.45,2
10511,72,3,181.43,2
10512,79,4,253.20999999999998,2
10513,74,2,170.74,1
10514,71,5,770.9599999999999,2
10515,71,2,77.94,1
10516,32,2,113.76,1
10517,28,2,210.64000000000001,1
10518,48,2,167.42000000000002,1
10519,79,4,249.94,2
10520,53,5,354.3,2
10521,36,5,377.01,2
10522,88,5,558.8199999999999,2
10523,27,2,180.92000000000002,1
10524,20,2,215.02999999999997,1
10525,36,2,111.56,1
10526,50,3,320.96,2
10527,26,4,463.87,2
10528,24,2,187.44,1
10529,83,3,308.69,2
10530,27,4,271.78,2
10531,69,4,233.51,2
10532,60,2,270.21000000000004,2
10533,29,2,250.38,2
10534,21,3,276.84,2
10535,35,5,598.21,2
10536,29,4,345.46,2
10537,44,5,550.03,2
10538,41,5,494.78000000000003,2
10539,51,4,388.3,2
10540,51,3,79.00999999999999,1
10541,66,3,425.01,2
10542,27,3,302.84,2
10543,41,4,341.8,2
10544,32,3,304.6,2
10545,71,4,544.45,2
10546,42,5,485.51,2
10547,56,2,113.22999999999999,1
10548,38,4,274.31,2
10549,44,5,495.39,2
10550,77,5,918.68,2
10551,22,2,274.16,2
10552,83,3,328.52,2
10553,40,5,563.14,2
10554,85,2,212.68,2
10555,55,3,267.19,2
10556,31,2,212.41,1
10557,72,2,194.6,1
10558,89,5,574.35,2
10559,23,5,519.47,2
10560,45,2,235.56,2
10561,40,3,319.61,2
10562,76,2,411.26,2
10563,23,2,163.2,1
10564,77,4,207.95999999999998,2
10565,43,3,439.82,2
10566,79,5,615.55,2
10567,41,5,499.05,2
10568,50,5,589.52,2
10569,74,2,366.08,2
10570,66,4,661.7,2
10571,52,2,360.76,2
10572,66,4,450.51,2
10573,28,3,310.55,2
10574,80,3,408.78,2
10575,89,2,326.53999999999996,2
10576,38,3,337.38,2
10577,88,2,147.01999999999998,1
10578,40,3,348.12,2
10579,23,3,109.30000000000001,1
10580,20,5,456.17,2
10581,73,3,369.62,2
10582,50,5,307.87,2
10583,49,5,384.05,2
10584,26,4,569.66,2
10585,29,4,391.7,2
10586,89,5,533.3299999999999,2
10587,76,2,284.01,2
10588,26,3,282.18,2
10589,39,4,547.72,2
10590,61,3,410.79,2
10591,176,7,626.89,3
10592,250,9,712.03,3
10593,266,5,573.55,3
10594,308,11,1084.47,3
10595,246,11,1036.19,3
10596,200,10,743.5999999999999,3
10597,305,11,1145.8,3
10598,217,8,979.6999999999999,3
10599,193,7,689.63,3
10600,176,4,623.0799999999999,3
10601,298,9,920.43,3
10602,287,8,931.4399999999999,3
10603,311,5,224.26999999999998,3
10604,254,7,622.41,3
10605,229,6,418.36999999999995,3
10606,332,8,1046.97,3
10607,244,11,877.95,3
10608,232,4,189.2,3
10609,319,3,266.61,3
10610,286,6,502.34,3
10611,290,5,383.46000000000004,3
10612,131,10,1130.8700000000001,0
10613,283,7,811.17,3
10614,166,10,1001.24,3
10615,317,4,486.62,3
10616,122,4,565.8,2
10617,339,3,464.39,3
10618,279,7,449.15,3
10619,138,11,1387.24,0
10620,135,3,465.58,2
10621,140,4,551.92,2
10622,342,9,631.65,3
10623,250,3,145.99,3
10624,273,7,579.15,3
10625,128,6,497.94,2
10626,179,11,854.24,3
10627,227,11,769.53,3
10628,250,7,421.40000000000003,3
10629,280,6,567.52,3
10630,170,4,669.39,3
10631,295,8,784.85,3
10632,213,5,454.46,3
10633,281,4,595.47,3
10634,166,9,507.67,3
10635,120,10,861.0,0
10636,186,6,561.0,3
10637,262,7,555.67,3
10638,165,6,638.32,3
10639,158,11,1365.23,0
10640,329,5,388.64,3
10641,270,4,597.46,3
10642,219,7,673.49,3
10643,149,6,469.84,3
10644,133,8,655.35,3
10645,202,5,915.75,3
10646,147,6,794.04,3
10647,192,9,532.55,3
10648,363,3,258.16,3
10649,287,3,386.48,3
10650,239,6,706.25,3
10651,346,11,924.79,3
10652,315,6,658.22,3
10653,244,8,793.78,3
10654,302,3,312.21999999999997,3
10655,130,4,428.99,2
10656,167,6,600.59,3
10657,364,2,244.23999999999998,3
10658,328,4,378.33,3
10659,164,9,632.7,3
10660,195,11,1346.8799999999999,3
10661,269,8,395.93,3
10662,276,5,427.81,3
10663,147,6,553.34,3
10664,205,4,280.21,3
10665,224,3,153.17999999999998,3
10666,333,11,1444.96,3
10667,125,10,836.92,0
10668,304,3,90.03999999999999,3
10669,295,6,902.48,3
10670,349,3,235.48,3
10671,162,6,672.3199999999999,3
10672,204,6,651.85,3
10673,226,8,797.05,3
10674,156,3,416.09,2
10675,170,9,1034.49,3
10676,311,5,390.69,3
10677,164,3,310.08,2
10678,191,10,874.54,3
10679,308,3,431.9,3
10680,316,10,783.52,3
10681,277,9,883.13,3
10682,265,4,293.98,3
10683,283,4,334.03,3
10684,287,6,977.11,3
10685,362,4,552.31,3
10686,224,4,502.42,3
10687,261,4,380.5,3
10688,158,5,623.68,3
10689,121,8,1088.19,0
10690,121,3,248.23,2
10691,354,3,274.47,3
10692,220,7,604.1999999999999,3
10693,272,9,1084.41,3
10694,140,8,648.17,3
10695,292,9,824.21,3
10696,149,4,762.2199999999999,2
10697,291,11,1821.98,3
10698,167,11,1201.45,3
10699,271,9,836.15,3
10700,126,6,412.88,2
10701,166,6,667.11,3
10702,265,5,623.8100000000001,3
10703,245,3,220.51999999999998,3
10704,255,4,411.97,3
10705,349,3,217.56,3
10706,308,6,834.86,3
10707,186,6,478.64,3
10708,226,5,522.71,3
10709,262,7,819.4,3
10710,244,6,655.52,3
10711,206,8,490.92999999999995,3
10712,232,6,604.03,3
10713,141,6,678.23,3
10714,260,4,424.83,3
10715,206,5,554.41,3
10716,228,5,849.82,3
10717,246,7,681.51,3
10718,362,3,518.74,3
10719,346,4,712.0799999999999,3
10720,136,5,414.46,2
10721,271,5,377.26,3
10722,147,7,808.61,3
10723,266,7,431.84,3
10724,166,8,1218.54,3
10725,339,7,1094.31,3
10726,165,7,808.9399999999999,3
10727,167,5,572.89,3
10728,347,8,1221.8,3
10729,270,11,1207.72,3
10730,300,4,200.17,3
10731,358,6,788.5,3
10732,192,10,1297.42,3
10733,232,3,300.99,3
10734,157,5,504.65999999999997,3
10735,357,9,787.64,3
10736,212,8,426.46999999999997,3
10737,161,6,693.6,3
10738,271,5,296.12,3
10739,166,5,415.0,3
10740,232,9,1066.87,3
10741,184,6,488.07,3
10742,156,10,1601.64,0
10743,320,3,316.73,3
10744,223,9,1065.84,3
10745,247,6,749.5,3
10746,218,10,887.99,3
10747,292,4,499.62,3
10748,221,4,396.71,3
10749,353,8,665.16,3
10750,132,10,947.66,0
10751,158,5,565.55,3
10752,245,9,1327.05,3
10753,172,9,658.68,3
10754,300,7,681.17,3
10755,144,8,931.79,3
10756,151,6,1017.9499999999999,3
10757,279,4,487.38,3
10758,363,3,382.12,3
10759,310,6,393.46999999999997,3
10760,329,9,715.78,3
10761,217,11,800.16,3
10762,342,3,267.46999999999997,3
10763,215,8,975.54,3
10764,169,9,997.67,3
10765,240,11,1200.72,3
10766,274,4,765.56,3
10767,262,5,487.78,3
10768,231,10,964.28,3
10769,305,9,1023.92,3
10770,338,11,1334.77,3
10771,142,6,649.33,3
10772,280,10,1175.68,3
10773,294,10,1218.18,3
10774,330,5,465.52,3
10775,220,8,1037.94,3
10776,160,5,731.9399999999999,3
10777,325,4,152.71,3
10778,352,4,552.3399999999999,3
10779,249,9,1261.08,3
10780,303,8,963.41,3
10781,292,4,202.97,3
10782,155,4,190.49,2
10783,291,7,491.57,3
10784,184,6,507.2,3
10785,132,11,734.52,0
10786,172,7,802.98,3
10787,221,9,1392.1,3
10788,261,5,385.75,3
10789,136,8,1041.6699999999998,0
10790,272,6,689.98,3
10791,1,1,61.239999999999995,1
10792,15,1,108.24,1
10793,12,1,32.29,1
10794,27,1,137.32,1
10795,5,1,204.89,1
10796,21,1,139.84,1
10797,7,1,29.369999999999997,1
10798,16,1,25.53,1
10799,13,1,43.28,1
10800,9,1,177.10999999999999,1
10801,23,1,40.08,1
10802,22,1,18.7,1
10803,29,1,109.14999999999999,1
10804,28,1,237.75,1
10805,12,1,109.98,1
10806,9,1,74.32,1
10807,20,1,189.5,1
10808,28,1,125.28999999999999,1
10809,26,1,55.14,1
10810,26,1,156.24,1
10811,19,1,215.97,1
10812,8,1,157.1,1
10813,11,1,46.75,1
10814,20,1,42.44,1
10815,25,1,21.83,1
10816,18,1,49.75,1
10817,20,1,8.16,1
10818,22,1,172.14999999999998,1
10819,2,1,80.16,1
10820,21,1,211.22,1
10821,22,1,43.550000000000004,1
10822,14,1,258.94,1
10823,6,1,90.74,1
10824,11,1,48.6,1
10825,11,1,288.3,1
10826,28,1,22.619999999999997,1
10827,4,1,217.6,1
10828,27,1,62.14,1
10829,11,1,86.03999999999999,1
10830,23,1,43.019999999999996,1
10831,26,1,20.3,1
10832,29,1,215.3,1
10833,11,1,235.85999999999999,1
10834,2,1,68.88,1
10835,8,1,113.41,1
10836,1,1,124.61999999999999,1
10837,20,1,193.56,1
10838,22,1,206.86,1
10839,4,1,123.55,1
10840,10,1,224.8,1
10841,10,1,87.08,1
10842,8,1,123.08999999999999,1
10843,27,1,48.959999999999994,1
10844,13,1,39.97,1
10845,22,1,193.23,1
10846,19,1,96.28999999999999,1
10847,7,1,13.36,1
10848,21,1,93.56,1
10849,7,1,90.64,1
10850,18,1,41.4,1
10851,21,1,96.82,1
10852,18,1,45.79,1
10853,20,1,141.24,1
10854,11,1,242.55,1
10855,1,1,119.06,1
10856,13,1,109.9,1
10857,11,1,144.60999999999999,1
10858,12,1,80.07,1
10859,28,1,152.41,1
10860,26,1,101.1,1
10861,4,1,96.1,1
10862,18,1,83.71000000000001,1
10863,9,1,182.94,1
10864,14,1,129.44,1
10865,4,1,69.36,1
10866,1,1,126.94,1
10867,8,1,91.74000000000001,1
10868,29,1,141.60999999999999,1
10869,3,1,72.69,1
10870,21,1,63.89,1
10871,5,1,97.93,1
10872,9,1,86.38000000000001,1
10873,22,1,20.8,1
10874,8,1,42.14,1
10875,29,1,111.3,1
10876,22,1,144.91,1
10877,6,1,132.39999999999998,1
10878,9,1,82.8,1
10879,18,1,11.79,1
10880,16,1,237.49,1
10881,16,1,17.31,1
10882,7,1,126.88000000000001,1
10883,22,1,34.3,1
10884,27,1,62.099999999999994,1
10885,27,1,17.34,1
10886,17,1,166.34,1
10887,25,1,149.38,1
10888,15,1,38.92999999999999,1
10889,6,1,125.97,1
10890,19,1,102.82,1
10891,24,1,155.13,1
10892,7,1,21.06,1
10893,23,1,278.85,1
10894,25,1,205.19,1
10895,29,1,145.74,1
10896,20,1,35.37,1
10897,17,1,190.8,1
10898,23,1,72.0,1
10899,26,1,269.5,1
10900,4,1,37.4,1
